Nombre,Genero
Carlos,masculino
Ana,femenino
Carlos,masculino
Ana,femenino
Luis,masculino
María,femenino
Jorge,masculino
Lucía,femenino
Pedro,masculino
Sofía,femenino
Miguel,masculino
Valentina,femenino
Andrés,masculino
Camila,femenino
Diego,masculino
Martina,femenino
Fernando,masculino
Julieta,femenino
Ricardo,masculino
Paula,femenino
Sergio,masculino
Carla,femenino
Raúl,masculino
Daniela,femenino
Hugo,masculino
Florencia,femenino
Gustavo,masculino
Elena,femenino
Alberto,masculino
Micaela,femenino
Esteban,masculino
Noelia,femenino
Fabián,masculino
Rocío,femenino
Iván,masculino
Clara,femenino
Nicolás,masculino
Victoria,femenino
Matías,masculino
Agustina,femenino
Tomás,masculino
Abril,femenino
Sebastián,masculino
Emma,femenino
Emiliano,masculino
Isabella,femenino
Ramiro,masculino
Renata,femenino
Bruno,masculino
Ariana,femenino
Franco,masculino
Lara,femenino
Cristian,masculino
Bianca,femenino
Ezequiel,masculino
Malena,femenino
Leandro,masculino
Milagros,femenino
Marcos,masculino
Candela,femenino
Pablo,masculino
Delfina,femenino
Federico,masculino
Guadalupe,femenino
Agustín,masculino
Antonella,femenino
Julián,masculino
Zoe,femenino
Axel,masculino
Luna,femenino
Benjamín,masculino
Alma,femenino
Nahuel,masculino
Azul,femenino
Facundo,masculino
Sol,femenino
Alan,masculino
Eva,femenino
Maximiliano,masculino
Olivia,femenino
Guillermo,masculino
Ambar,femenino
Rodrigo,masculino
Inés,femenino
Gabriel,masculino
Cecilia,femenino
Adrián,masculino
Irene,femenino
Manuel,masculino
Silvia,femenino
Oscar,masculino
Beatriz,femenino
Roberto,masculino
Patricia,femenino
Enrique,masculino
Sandra,femenino
Salvador,masculino
Verónica,femenino
Víctor,masculino
Natalia,femenino
Eduardo,masculino
Lorena,femenino
Javier,masculino
Andrea,femenino
Hernán,masculino
Marina,femenino
Ignacio,masculino
Julia,femenino
Claudio,masculino
Laura,femenino
Rubén,masculino
Gloria,femenino
Alonso,masculino
Pilar,femenino
Damián,masculino
Teresa,femenino
Renzo,masculino
Daniel,femenino
Ulises,masculino
Noemí,femenino
Simón,masculino
Elsa,femenino
Bautista,masculino
Nora,femenino
Ciro,masculino
Lidia,femenino
Lautaro,masculino
Marta,femenino
Joel,masculino
Rita,femenino
Samuel,masculino
Alicia,femenino
Elías,masculino
Susana,femenino
Gael,masculino
Adela,femenino
Thiago,masculino
Ofelia,femenino
Dylan,masculino
Estela,femenino
Ian,masculino
Norma,femenino
Kevin,masculino
Cristina,femenino
Lucas,masculino
Mercedes,femenino
Mariano,masculino
Amanda,femenino
Emanuel,masculino
Rebeca,femenino
Alexis,masculino
Rosa,femenino
César,masculino
Angela,femenino
Walter,masculino
Elisa,femenino
Horacio,masculino
Magdalena,femenino
Domingo,masculino
Raquel,femenino
Ariel,masculino
Yamila,femenino
Patricio,masculino
Débora,femenino
León,masculino
Brenda,femenino
Marcelo,masculino
Tamara,femenino
Orlando,masculino
Vanesa,femenino
Saúl,masculino
Karina,femenino
Armando,masculino
Belén,femenino
Felipe,masculino
Daniela,femenino
Gerardo,masculino
Ximena,femenino
Mauricio,masculino
Romina,femenino
Santiago,masculino
Pamela,femenino
Tobías,masculino
Yesica,femenino
Cristóbal,masculino
Melina,femenino
Lisandro,masculino
Anahí,femenino
Darío,masculino
Evelyn,femenino
Jonás,masculino
Daiana,femenino
Néstor,masculino
Selena,femenino
Osvaldo,masculino
Kiara,femenino
Rafael,masculino
Mara,femenino
Teodoro,masculino
Luján,femenino
Adolfo,masculino
Aitana,femenino
Baltasar,masculino
Bárbara,femenino
Camilo,masculino
Cintia,femenino
Dante,masculino
Dolores,femenino
Edgardo,masculino
Erica,femenino
Félix,masculino
Fabiana,femenino
Germán,masculino
Graciela,femenino
Helio,masculino
Helena,femenino
Ismael,masculino
Irma,femenino
Jacobo,masculino
Josefina,femenino
Kevin,masculino
Karen,femenino
Leonardo,masculino
Leticia,femenino
Mario,masculino
Maribel,femenino
Norberto,masculino
Nadia,femenino
Octavio,masculino
Olga,femenino
Próspero,masculino
Perla,femenino
Quirino,masculino
Queralt,femenino
Rodolfo,masculino
Ruth,femenino
Silvano,masculino
Sonia,femenino
Teo,masculino
Tatiana,femenino
Ubaldo,masculino
Úrsula,femenino
Valerio,masculino
Violeta,femenino
Wilfredo,masculino
Wanda,femenino
Xavier,masculino
Xenia,femenino
Yago,masculino
Yolanda,femenino
Zacarías,masculino
Zulema,femenino
Anselmo,masculino
Amalia,femenino
Bernardo,masculino
Brisa,femenino
Clemente,masculino
Celeste,femenino
Duilio,masculino
Diana,femenino
Evaristo,masculino
Esther,femenino
Fausto,masculino
Felisa,femenino
Genaro,masculino
Gisela,femenino
Héctor,masculino
Herminia,femenino
Ildefonso,masculino
Ingrid,femenino
Justo,masculino
Jimena,femenino
Kurt,masculino
Katia,femenino
Leopoldo,masculino
Lilian,femenino
Melchor,masculino
Mónica,femenino
Nicanor,masculino
Nélida,femenino
Omar,masculino
Oriana,femenino
Pascual,masculino
Priscila,femenino
Ramón,masculino
Rosana,femenino
Severino,masculino
Sara,femenino
Tristán,masculino
Tania,femenino
Urbano,masculino
Uriel,femenino
Valentín,masculino
Viviana,femenino
Wenceslao,masculino
Wilma,femenino
Xandro,masculino
Xiomara,femenino
Yamil,masculino
Yésica,femenino
Zaid,masculino
Zoraida,femenino
Aldo,masculino
Alda,femenino
Bruno,masculino
Blanca,femenino
Ciro,masculino
Carmen,femenino
Damián,masculino
Dora,femenino
Enzo,masculino
Elba,femenino
Fabio,masculino
Fanny,femenino
Galo,masculino
Gala,femenino
Hugo,masculino
Hilda,femenino
Iván,masculino
Ivana,femenino
Jairo,masculino
Juana,femenino
Kai,masculino
Karla,femenino
Lino,masculino
Lola,femenino
Mauro,masculino
Mabel,femenino
Nilo,masculino
Nora,femenino
Otto,masculino
Ofelia,femenino
Piero,masculino
Pía,femenino
Rene,masculino
Rina,femenino
Saúl,masculino
Selva,femenino
Tadeo,masculino
Telma,femenino
Ulises,masculino
Uma,femenino
Vito,masculino
Vera,femenino
Waldo,masculino
Wendy,femenino
Xeno,masculino
Xuxa,femenino
Yuri,masculino
Yara,femenino
Zeno,masculino
Zita,femenino
Américo,masculino
Anita,femenino
Benito,masculino
Berenice,femenino
Claudio,masculino
Clarisa,femenino
Doménico,masculino
Dafne,femenino
Ezequías,masculino
Elda,femenino
Fermín,masculino
Flavia,femenino
Gonzalo,masculino
Georgina,femenino
Heriberto,masculino
Hortensia,femenino
Isaac,masculino
Iliana,femenino
Jerónimo,masculino
Jacinta,femenino
Kendall,masculino
Keila,femenino
Luciano,masculino
Lourdes,femenino
Marciano,masculino
Milena,femenino
Nazario,masculino
Noa,femenino
Olegario,masculino
Otilia,femenino
Plácido,masculino
Paloma,femenino
Quintín,masculino
Quiteria,femenino
Ruperto,masculino
Rochel,femenino
Saturnino,masculino
Sabina,femenino
Timoteo,masculino
Trinidad,femenino
Uziel,masculino
Uxia,femenino
Venancio,masculino
Vanina,femenino
Wences,masculino
Wara,femenino
Xabier,masculino
Xaviera,femenino
Ysidro,masculino
Yvonne,femenino
Zenón,masculino
Zenaida,femenino
